global_active_power,global_reactive_power,voltage,global_intensity,sub_metering_1,sub_metering_2,sub_metering_3,sub_metering_remainder,month,weekday
1209.176,34.922,236.244,13.083,0.0,546.0,4926.0,14680.933,12,6
3390.46,226.006,240.087,9.999,2033.0,4187.0,13341.0,36946.667,12,7
2203.826,161.792,241.232,6.422,1063.0,2621.0,14018.0,19028.433,12,1
1666.194,150.942,241.999,4.926,839.0,7602.0,6197.0,13131.9,12,2
2225.748,160.998,242.308,6.467,0.0,2648.0,14063.0,20384.8,12,3
1716.624,144.166,241.041,5.034,1765.0,2623.0,10421.0,13801.4,12,4
2341.338,186.906,241.185,6.873,3151.0,350.0,11131.0,24390.3,12,5
4773.386,221.47,240.136,14.028,2669.0,425.0,14726.0,61736.433,12,6
2550.012,149.9,241.687,7.64,1703.0,5082.0,6891.0,28824.2,12,7
2743.12,240.28,243.4,7.952,6620.0,1962.0,5795.0,31341.667,12,1
3934.11,165.102,241.625,11.348,1086.0,2533.0,14979.0,46970.5,12,2
1528.76,178.902,243.767,4.518,0.0,314.0,6976.0,18189.333,12,3
2072.638,208.876,243.268,6.086,2207.0,4419.0,9176.0,18741.967,12,4
3174.392,196.394,240.871,9.271,1252.0,5162.0,11329.0,35163.533,12,5
2789.302,311.928,240.541,8.292,3072.0,7891.0,12480.0,23045.367,12,6
3494.196,150.852,239.897,10.2,0.0,347.0,6502.0,51387.6,12,7
2749.004,148.166,240.129,7.917,0.0,352.0,5880.0,39584.733,1,1
1269.236,190.342,241.944,3.714,0.0,348.0,6562.0,14243.933,1,2
1014.054,196.728,243.557,3.014,0.0,344.0,4765.0,11791.9,1,3
3259.412,202.302,239.75,9.478,1051.0,7597.0,10896.0,34779.533,1,4
2713.364,173.154,240.496,7.885,1483.0,379.0,7602.0,35758.733,1,5
1508.378,192.188,239.673,4.544,1336.0,402.0,5678.0,17723.633,1,6
2447.62,246.074,240.902,7.283,1987.0,8177.0,12810.0,17819.667,1,7
2241.36,207.568,239.577,6.552,0.0,467.0,17547.0,19342.0,1,1
1869.054,207.248,240.488,5.521,1688.0,4267.0,9790.0,15405.9,1,2
2154.8,228.452,241.027,6.358,771.0,4456.0,11012.0,19674.333,1,3
2255.194,230.02,241.156,6.658,1378.0,2170.0,12415.0,21623.567,1,4
1461.296,199.14,241.538,4.309,0.0,439.0,8276.0,15639.933,1,5
3186.814,290.736,239.284,9.453,7806.0,2975.0,11341.0,30991.567,1,6
3007.816,227.12,238.822,8.968,1777.0,4215.0,12975.0,31163.267,1,7
2148.678,174.86,241.241,6.262,1099.0,2239.0,15163.0,17310.3,1,1
1686.404,185.428,241.945,4.976,2063.0,644.0,6583.0,18816.733,1,2
2847.688,200.752,241.005,8.284,3500.0,5737.0,16064.0,22160.467,1,3
1821.462,177.712,240.894,5.342,0.0,336.0,13491.0,16530.7,1,4
1480.44,170.052,240.161,4.376,2103.0,330.0,7172.0,15069.0,1,5
3133.732,238.362,238.867,9.348,4324.0,5222.0,11440.0,31242.867,1,6
3407.262,229.736,238.968,10.191,10346.0,5567.0,11599.0,29275.7,1,7
2180.494,168.642,241.603,6.355,1054.0,2983.0,11361.0,20943.567,1,1
1777.64,138.28,242.763,5.261,0.0,1064.0,5061.0,23502.333,1,2
2987.854,178.06,241.458,8.734,3464.0,2480.0,11744.0,32109.567,1,3
1596.344,144.16,243.424,4.629,1158.0,262.0,11239.0,13946.733,1,4
1617.972,142.902,242.772,4.721,1163.0,261.0,8238.0,17304.2,1,5
2044.072,148.242,241.617,5.95,1170.0,3896.0,12374.0,16627.867,1,6
3090.204,153.352,240.305,9.134,3466.0,3997.0,12045.0,31995.4,1,7
1982.664,165.696,240.93,5.789,1123.0,294.0,15254.0,16373.4,1,1
1707.798,180.934,241.841,5.028,1123.0,1424.0,8149.0,17767.3,1,2
2363.752,185.988,239.921,6.924,0.0,5950.0,15052.0,18393.867,1,3
1824.76,150.264,240.392,5.333,1170.0,386.0,13145.0,15711.667,2,4
1667.736,139.542,240.334,4.871,0.0,356.0,11338.0,16101.6,2,5
4029.722,245.824,238.91,11.816,4746.0,4573.0,17834.0,40009.033,2,6
3595.94,186.494,239.633,10.565,3391.0,4597.0,14472.0,37472.333,2,7
1645.28,147.228,240.81,4.82,896.0,2564.0,7849.0,16112.333,2,1
1273.48,142.566,241.264,3.772,1185.0,405.0,4517.0,15117.667,2,2
2328.018,177.708,241.15,6.792,3299.0,3513.0,11986.0,20002.3,2,3
1801.414,138.896,241.797,5.248,2226.0,366.0,10157.0,17274.567,2,4
1620.198,158.066,241.74,4.727,0.0,3045.0,9770.0,14188.3,2,5
2829.328,192.974,240.037,8.304,5071.0,2831.0,14405.0,24848.467,2,6
3571.228,204.314,239.506,10.527,2430.0,4765.0,13114.0,39211.467,2,7
1877.61,136.704,240.099,5.503,2227.0,399.0,11517.0,17150.5,2,1
1414.546,134.678,241.167,4.144,0.0,2828.0,6256.0,14491.767,2,2
2498.672,202.506,240.375,7.315,3295.0,3793.0,11579.0,22977.533,2,3
1985.346,165.964,240.669,5.82,0.0,2363.0,14028.0,16698.1,2,4
1702.528,151.686,240.821,5.047,1148.0,859.0,8689.0,17679.467,2,5
2076.912,238.968,239.316,6.129,1765.0,2226.0,7157.0,23467.2,2,6
3829.762,255.522,239.171,11.239,6107.0,8003.0,13129.0,36590.367,2,7
2186.614,176.584,239.79,6.442,1634.0,2900.0,13085.0,18824.567,2,1
3149.928,187.158,239.865,9.168,2058.0,5191.0,9713.0,35536.8,2,2
2072.874,189.87,240.461,6.074,3527.0,2332.0,11548.0,17140.9,2,3
3369.478,137.954,238.624,9.871,1409.0,4129.0,12251.0,38368.967,2,4
1313.48,149.344,240.686,3.825,0.0,503.0,10786.0,10602.333,2,5
714.922,122.202,239.863,2.086,0.0,363.0,3562.0,7990.367,2,6
501.74,113.736,241.682,1.462,0.0,329.0,1660.0,6373.333,2,7
568.484,108.28,241.274,1.659,0.0,331.0,2830.0,6313.733,2,1
518.112,113.204,242.944,1.525,0.0,314.0,1924.0,6397.2,2,2
520.774,113.372,242.16,1.528,0.0,340.0,1973.0,6366.567,2,3
517.564,107.628,241.321,1.509,0.0,316.0,1980.0,6330.067,3,4
515.688,107.008,240.592,1.507,0.0,340.0,1969.0,6285.8,3,5
819.122,134.992,241.288,2.401,0.0,347.0,4597.0,8708.033,3,6
2090.7,175.682,240.03,6.158,1476.0,8711.0,9408.0,15250.0,3,7
2660.332,205.956,240.031,7.84,5727.0,12109.0,10026.0,16476.867,3,1
1246.5,186.148,240.988,3.696,0.0,1740.0,4700.0,14335.0,3,2
2375.206,171.2,240.324,6.935,1076.0,4761.0,15513.0,18236.767,3,3
1572.132,187.404,240.665,4.665,2180.0,3385.0,6655.0,13982.2,3,4
1272.612,119.238,240.888,3.731,1093.0,345.0,8631.0,11141.2,3,5
2484.712,243.528,239.803,7.342,4130.0,5422.0,10979.0,20880.867,3,6
3480.636,173.374,240.007,10.122,4810.0,3420.0,9500.0,40280.6,3,7
1950.668,134.422,240.559,5.728,1403.0,2841.0,12353.0,15914.133,3,1
1290.144,126.718,240.898,3.806,1350.0,3859.0,5323.0,10970.4,3,2
1793.364,157.522,240.777,5.268,3485.0,480.0,8607.0,17317.4,3,3
1884.814,159.326,240.28,5.523,0.0,3263.0,11036.0,17114.567,3,4
1702.054,130.208,239.527,4.992,1106.0,4604.0,5370.0,17287.567,3,5
2028.09,127.068,238.225,5.946,2208.0,359.0,12275.0,18959.5,3,6
2371.046,241.45,241.048,7.008,6564.0,7369.0,5856.0,19728.433,3,7
2152.518,144.764,240.497,6.282,1648.0,2686.0,14118.0,17423.3,3,1
2086.228,164.87,240.816,6.151,3745.0,2837.0,11255.0,16933.467,3,2
2142.092,142.83,240.987,6.237,1865.0,4133.0,12335.0,17368.533,3,3
1454.978,113.826,241.764,4.223,353.0,736.0,10462.0,12698.633,3,4
1309.008,119.488,241.645,3.804,1127.0,777.0,8369.0,11543.8,3,5
2968.43,191.024,239.704,8.703,3707.0,5797.0,16382.0,23587.833,3,6
3336.124,235.972,240.033,9.722,4630.0,3600.0,9358.0,38014.067,3,7
1416.082,160.966,241.337,4.183,1088.0,344.0,9096.0,13073.367,3,1
1105.14,151.726,240.602,3.297,0.0,3019.0,3697.0,11703.0,3,2
2333.898,196.518,240.445,6.855,1122.0,8527.0,13888.0,15361.3,3,3
1590.406,198.696,240.537,4.677,1162.0,460.0,10724.0,14160.767,3,4
1402.394,181.128,241.039,4.19,1094.0,468.0,8217.0,13594.233,3,5
3509.51,231.504,239.261,10.265,2620.0,7707.0,17682.0,30482.833,3,6
2785.952,202.552,240.024,8.149,4629.0,5401.0,19509.0,16893.533,4,7
1960.778,174.336,240.46,5.713,1755.0,970.0,16641.0,13313.633,4,1
1642.82,168.76,240.505,4.846,3630.0,1042.0,7637.0,15071.333,4,2
2051.868,172.318,240.332,5.986,3434.0,420.0,14748.0,15595.8,4,3
1844.078,244.538,241.173,5.492,1086.0,4277.0,10523.0,14848.633,4,4
1601.14,143.214,241.184,4.689,0.0,5466.0,9166.0,12053.667,4,5
1553.924,138.73,240.379,4.565,1127.0,3111.0,5923.0,15737.733,4,6
1608.816,135.882,240.349,4.72,0.0,485.0,3545.0,22783.6,4,7
1000.92,160.11,240.55,2.975,2667.0,514.0,3801.0,9700.0,4,1
777.364,148.94,240.814,2.347,209.0,742.0,2572.0,9433.067,4,2
887.482,192.446,241.155,2.619,0.0,1112.0,6421.0,7258.367,4,3
537.706,147.812,240.256,1.598,0.0,541.0,1818.0,6602.767,4,4
551.022,151.64,240.05,1.643,0.0,558.0,1988.0,6637.7,4,5
554.268,155.61,240.313,1.651,0.0,578.0,2008.0,6651.8,4,6
726.164,171.544,240.237,2.187,0.0,1026.0,2893.0,8183.733,4,7
952.39,186.074,240.657,2.872,952.0,1305.0,4656.0,8960.167,4,1
1223.734,218.354,240.196,3.691,1532.0,389.0,6199.0,12275.567,4,2
998.246,165.224,240.147,2.995,1579.0,355.0,3430.0,11273.433,4,3
1028.658,149.66,240.43,3.056,733.0,1605.0,5748.0,9058.3,4,4
822.58,145.646,240.133,2.495,1069.0,360.0,3499.0,8781.667,4,5
1673.656,212.658,239.213,5.036,6575.0,463.0,11129.0,9727.267,4,6
2233.714,267.194,239.609,6.688,4264.0,2287.0,11102.0,19575.567,4,7
1054.566,135.64,237.236,3.264,1402.0,506.0,6005.0,9663.1,4,1
1032.1,135.264,235.345,3.145,1125.0,527.0,6680.0,8869.667,4,2
1264.162,164.736,234.941,3.858,0.0,1469.0,8812.0,10788.367,4,3
1275.466,163.606,234.787,3.924,1324.0,1845.0,7163.0,10925.767,4,4
1094.332,161.928,235.216,3.312,1772.0,545.0,4756.0,11165.867,4,5
22.738,2.86,233.986,4.638,0.0,18.0,0.0,360.967,4,6
420.822,71.718,234.87,3.239,1214.0,500.0,1131.0,4168.7,4,1
1663.858,181.608,234.679,5.073,4005.0,995.0,8546.0,14184.967,5,2
1003.486,160.092,235.582,3.142,7.0,1490.0,3754.0,11473.767,5,3
1090.238,150.942,235.135,3.308,1906.0,1725.0,7836.0,6703.633,5,4
998.128,174.74,235.71,3.078,2259.0,538.0,3990.0,9848.467,5,5
1563.052,174.102,235.035,4.736,2913.0,2493.0,11303.0,9341.867,5,6
2102.104,182.336,234.41,6.409,3215.0,949.0,10095.0,20776.067,5,7
1643.664,168.918,234.537,4.981,946.0,4935.0,9433.0,12080.4,5,1
1789.292,181.612,234.906,5.356,4581.0,2011.0,8777.0,14452.533,5,2
1665.736,183.484,234.874,5.056,3018.0,5631.0,9474.0,9639.267,5,3
707.884,168.314,235.796,2.207,946.0,534.0,3261.0,7057.067,5,4
979.154,132.096,235.23,3.028,926.0,491.0,6471.0,8431.233,5,5
1441.566,209.172,234.723,4.361,2247.0,1075.0,10408.0,10296.1,5,6
1634.738,220.67,235.709,4.969,3612.0,2414.0,8958.0,12261.633,5,7
1467.782,298.552,235.69,4.574,3176.0,2417.0,5517.0,13353.033,5,1
904.392,111.182,235.612,2.733,0.0,408.0,5318.0,9347.2,5,2
1692.944,135.894,235.261,5.072,2213.0,5756.0,9077.0,11169.733,5,3
1231.816,131.188,235.868,3.721,1014.0,2073.0,7687.0,9756.267,5,4
1631.53,171.258,235.995,4.877,3270.0,3913.0,8116.0,11893.167,5,5
1429.442,167.858,234.945,4.319,4683.0,530.0,7022.0,11589.033,5,6
1968.328,187.532,235.348,5.942,5420.0,1733.0,7611.0,18041.467,5,7
1120.062,117.28,234.692,3.339,0.0,468.0,9060.0,9139.7,5,1
1132.852,128.916,235.481,3.4,931.0,3966.0,3984.0,9999.867,5,2
1464.936,165.878,234.812,4.398,956.0,3792.0,8119.0,11548.6,5,3
1154.388,135.56,235.546,3.462,955.0,4116.0,4746.0,9422.8,5,4
1614.22,174.588,234.447,4.863,8060.0,586.0,6539.0,11718.667,5,5
1512.248,174.24,235.07,4.563,2373.0,2754.0,8628.0,11449.133,5,6
2153.808,219.894,234.908,6.507,4366.0,5534.0,10444.0,15552.8,5,7
1637.468,151.1,234.907,4.922,4554.0,473.0,9586.0,12678.133,5,1
1061.34,113.244,235.694,3.207,0.0,1907.0,4332.0,11450.0,5,2
1609.866,147.058,234.831,4.828,2250.0,5948.0,7804.0,10829.1,5,3
938.55,129.586,235.097,2.792,935.0,477.0,3552.0,10678.5,5,4
1044.918,143.182,235.323,3.136,0.0,483.0,7664.0,9268.3,6,5
1484.362,166.108,234.469,4.474,3971.0,1250.0,7633.0,11885.367,6,6
2108.026,182.458,234.762,6.353,4985.0,7529.0,8334.0,14285.767,6,7
911.618,223.192,234.748,2.822,1585.0,836.0,4533.0,8239.633,6,1
1458.892,255.692,234.693,4.465,4484.0,1027.0,6448.0,12355.867,6,2
1693.638,231.06,234.622,5.109,3329.0,829.0,11663.0,12406.3,6,3
985.002,172.334,234.479,2.982,985.0,699.0,3959.0,10773.7,6,4
2148.046,229.732,236.197,6.448,2799.0,11440.0,11380.0,10181.767,6,5
1059.814,226.656,240.705,3.256,852.0,596.0,6590.0,9625.567,6,6
1340.812,239.092,240.844,4.006,4202.0,1924.0,5983.0,10237.867,6,7
794.654,194.634,240.857,2.418,0.0,487.0,5328.0,7429.233,6,1
918.766,216.416,240.225,2.859,1882.0,475.0,3898.0,9057.767,6,2
927.272,208.26,240.398,2.818,957.0,857.0,5216.0,8424.533,6,3
1259.084,231.696,239.848,3.783,3322.0,2147.0,7054.0,8461.733,6,4
989.604,251.762,240.464,3.066,2269.0,4011.0,4547.0,5666.4,6,5
2017.762,307.558,239.502,5.975,3289.0,4498.0,11108.0,14734.367,6,6
1947.09,239.814,240.219,5.769,4124.0,5038.0,8734.0,14555.5,6,7
678.474,180.81,240.776,2.079,0.0,529.0,4241.0,6537.9,6,1
842.36,187.986,240.269,2.561,973.0,535.0,4357.0,8174.333,6,2
1074.286,227.302,240.156,3.307,1761.0,2588.0,5106.0,8449.767,6,3
806.946,222.546,240.575,2.501,932.0,2400.0,3711.0,6406.1,6,4
566.294,208.526,240.836,1.807,0.0,951.0,3482.0,5005.233,6,5
477.566,193.12,240.319,1.536,0.0,786.0,2402.0,4771.433,6,6
714.656,179.362,241.132,2.208,0.0,791.0,3449.0,7670.933,6,7
1072.202,197.27,240.422,3.25,1985.0,3621.0,4816.0,7448.033,6,1
944.908,182.42,240.095,2.877,971.0,1334.0,5231.0,8212.467,6,2
1480.826,206.998,239.758,4.429,2603.0,6451.0,7270.0,8356.433,6,3
1295.438,217.446,239.424,3.89,0.0,4368.0,9541.0,7681.633,6,4
1304.198,206.194,240.182,3.942,4363.0,667.0,6797.0,9909.633,6,5
1335.314,188.354,240.012,3.972,3049.0,792.0,8376.0,10038.233,6,6
1026.664,172.448,240.067,3.081,969.0,736.0,4690.0,10716.067,7,7
967.032,176.924,240.672,2.928,1018.0,5281.0,3445.0,6373.2,7,1
1059.912,180.338,240.187,3.231,467.0,3214.0,4695.0,9289.2,7,2
1003.41,253.334,240.66,3.095,2329.0,2218.0,5632.0,6544.5,7,3
1057.29,246.716,240.444,3.233,2922.0,770.0,3973.0,9956.5,7,4
1069.524,219.35,240.599,3.269,2826.0,3563.0,4005.0,7431.4,7,5
1358.206,214.044,239.91,4.035,997.0,3047.0,10177.0,8415.767,7,6
1089.08,196.92,240.339,3.289,1825.0,2831.0,5277.0,8218.333,7,7
1180.158,172.422,240.618,3.516,923.0,594.0,9386.0,8766.3,7,1
908.324,176.244,239.983,2.786,67.0,2227.0,4631.0,8213.733,7,2
722.352,153.856,241.03,2.199,1015.0,647.0,5284.0,5093.2,7,3
1069.582,209.098,240.765,3.234,1029.0,2550.0,6419.0,7828.367,7,4
794.382,206.694,240.855,2.451,0.0,633.0,4427.0,8179.7,7,5
1288.17,258.45,241.292,3.894,3775.0,1968.0,6604.0,9122.5,7,6
917.024,233.182,240.597,3.092,862.0,632.0,5585.0,8204.733,7,7
853.674,233.96,236.507,2.661,830.0,695.0,4176.0,8526.9,7,1
719.632,176.088,234.741,2.276,848.0,694.0,3335.0,7116.867,7,2
757.082,156.514,231.088,2.387,909.0,671.0,4628.0,6410.033,7,3
677.886,187.012,234.262,2.144,1068.0,703.0,3130.0,6397.1,7,4
1110.422,223.118,235.569,3.452,2111.0,2418.0,4765.0,9213.033,7,5
1060.248,236.158,234.257,3.292,428.0,512.0,7756.0,8974.8,7,6
1375.774,218.246,235.964,4.227,7091.0,2136.0,5563.0,8139.567,7,7
991.018,143.77,234.501,3.076,1747.0,1288.0,3847.0,9634.967,7,1
825.284,112.81,235.363,2.551,0.0,1607.0,5599.0,6548.733,7,2
472.56,108.234,235.641,1.479,0.0,151.0,2333.0,5392.0,7,3
924.5,115.092,234.944,2.838,975.0,3633.0,4346.0,6454.333,7,4
1202.514,120.456,235.554,3.623,1837.0,49.0,7157.0,10998.9,7,5
1621.862,178.73,235.507,4.942,907.0,10265.0,6559.0,9300.033,7,6
321.116,118.576,235.712,1.033,0.0,0.0,1288.0,4063.933,7,7
466.816,129.492,235.53,1.467,0.0,0.0,2528.0,5252.267,7,1
812.332,145.786,234.915,2.502,3277.0,0.0,3575.0,6686.867,7,2
1060.338,142.556,235.009,3.253,1583.0,0.0,9812.0,6277.3,8,3
1019.416,144.954,234.857,3.087,482.0,0.0,6869.0,9639.267,8,4
1063.364,125.388,234.486,3.207,958.0,0.0,9139.0,7625.733,8,5
1144.99,139.226,235.257,3.452,552.0,398.0,7966.0,10167.167,8,6
787.098,151.254,235.115,2.437,169.0,0.0,6647.0,6302.3,8,7
1089.72,154.434,234.703,3.317,1096.0,0.0,7985.0,9081.0,8,1
1483.58,131.182,234.554,4.426,437.0,2168.0,9042.0,13079.333,8,2
1125.482,119.096,234.512,3.381,1055.0,1111.0,9660.0,6932.033,8,3
1071.68,109.474,234.214,3.272,182.0,4515.0,6646.0,6518.333,8,4
1028.01,117.656,234.489,3.13,336.0,2651.0,8287.0,5859.5,8,5
1091.65,115.77,234.98,3.286,1180.0,910.0,10339.0,5765.167,8,6
1241.904,127.776,235.665,3.743,1123.0,1156.0,8582.0,9837.4,8,7
1153.012,130.94,235.217,3.449,93.0,476.0,11101.0,7546.867,8,1
941.19,132.01,237.076,2.854,951.0,685.0,6256.0,7794.5,8,2
1191.86,159.764,239.993,3.542,338.0,508.0,9787.0,9231.333,8,3
958.496,131.532,239.738,2.844,962.0,0.0,7476.0,7536.933,8,4
1009.892,127.388,240.494,2.982,244.0,0.0,7769.0,8818.533,8,5
347.96,119.24,241.28,1.079,0.0,0.0,1830.0,3969.333,8,6
1422.294,160.018,239.954,4.262,1025.0,8912.0,5989.0,7778.9,8,7
1338.842,155.88,241.301,3.963,1032.0,6965.0,7383.0,6934.033,8,1
642.556,157.308,240.573,1.961,0.0,38.0,3296.0,7375.267,8,2
1209.808,154.288,240.817,3.571,3048.0,1836.0,7241.0,8038.467,8,3
1112.312,157.954,240.647,3.33,2502.0,259.0,5342.0,10435.533,8,4
1656.214,262.692,240.495,4.939,1891.0,3782.0,9944.0,11986.567,8,5
1150.88,272.548,239.86,3.554,4149.0,2191.0,5678.0,7163.333,8,6
1314.906,299.388,239.951,4.013,1541.0,3645.0,5658.0,11071.1,8,7
1211.73,299.084,239.924,3.691,2305.0,1229.0,6344.0,10317.5,8,1
997.004,181.114,239.55,2.996,1038.0,2468.0,5483.0,7627.733,8,2
747.992,175.426,240.745,2.28,957.0,562.0,4932.0,6015.533,8,3
1202.458,191.048,240.573,3.604,3822.0,2580.0,4221.0,9417.967,8,4
1279.822,187.256,239.986,3.788,1200.0,666.0,8738.0,10726.367,8,5
1701.486,289.846,239.356,5.065,2497.0,569.0,9733.0,15559.1,9,6
1662.468,231.598,240.045,5.017,3613.0,1617.0,8806.0,13671.8,9,7
1038.922,188.422,239.62,3.131,621.0,2515.0,5323.0,8856.367,9,1
1584.944,179.626,239.66,4.756,2928.0,3501.0,9821.0,10165.733,9,2
1236.572,148.864,239.148,3.698,0.0,4144.0,6705.0,9760.533,9,3
901.474,172.026,239.34,2.752,0.0,3888.0,3461.0,7675.567,9,4
1336.496,181.738,239.032,4.007,3632.0,551.0,9388.0,8703.933,9,5
1469.752,186.33,239.73,4.392,3339.0,1801.0,9164.0,10191.867,9,6
1679.502,209.152,238.922,5.054,2184.0,4438.0,9233.0,12136.7,9,7
1117.376,177.498,239.389,3.364,935.0,595.0,5613.0,11479.933,9,1
983.572,151.764,240.072,2.952,943.0,550.0,5792.0,9107.867,9,2
1287.764,171.794,240.015,3.86,0.0,3217.0,7755.0,10490.733,9,3
1146.382,165.958,239.31,3.464,1175.0,2523.0,3853.0,11555.367,9,4
1135.47,183.126,239.302,3.445,901.0,676.0,5804.0,11543.5,9,5
1095.312,184.466,240.002,3.278,0.0,1449.0,6464.0,10342.2,9,6
1652.224,192.352,239.56,4.966,3118.0,3064.0,9310.0,12045.067,9,7
1461.186,202.314,239.215,4.413,6651.0,926.0,6279.0,10497.1,9,1
1167.52,147.132,238.261,3.513,1888.0,2029.0,5425.0,10116.667,9,2
1298.684,151.794,240.305,3.883,0.0,2743.0,7937.0,10964.733,9,3
1255.532,132.908,239.715,3.721,1056.0,489.0,9996.0,9384.533,9,4
1238.78,152.834,239.381,3.733,3130.0,2745.0,6316.0,8455.333,9,5
1176.172,183.432,239.483,3.515,944.0,1311.0,7688.0,9659.867,9,6
1417.97,242.974,239.5,4.28,2831.0,1929.0,7382.0,11490.833,9,7
1354.53,197.624,238.601,4.079,929.0,3935.0,7955.0,9756.5,9,1
1764.342,130.078,238.1,5.206,916.0,2253.0,9820.0,16416.7,9,2
1822.264,168.628,239.425,5.377,1058.0,9415.0,5661.0,14237.067,9,3
1392.6,150.71,239.567,4.078,1066.0,643.0,7324.0,14177.0,9,4
1680.498,222.718,239.462,4.994,996.0,3722.0,9952.0,13338.3,9,5
2296.522,182.122,239.14,6.793,4085.0,7457.0,8190.0,18543.367,9,6
1516.29,163.588,240.065,4.453,1405.0,582.0,10225.0,13059.5,9,7
1720.922,146.734,239.24,5.074,1507.0,6622.0,5960.0,14593.033,10,1
2198.864,161.828,238.494,6.474,508.0,8022.0,12815.0,15302.733,10,2
1280.454,157.738,239.261,3.8,979.0,5024.0,3692.0,11645.9,10,3
1518.458,138.448,239.205,4.455,2400.0,444.0,9710.0,12753.633,10,4
1394.092,150.636,238.827,4.09,0.0,351.0,9425.0,13458.867,10,5
1756.24,186.192,238.381,5.168,4840.0,347.0,9666.0,14417.667,10,6
2106.114,153.178,238.826,6.208,2498.0,8255.0,10886.0,13462.9,10,7
1095.242,121.896,239.097,3.231,0.0,420.0,5082.0,12752.033,10,1
1687.858,159.802,238.879,4.982,2034.0,2147.0,9290.0,14659.967,10,2
1166.972,132.752,239.421,3.489,1863.0,2117.0,3345.0,12124.533,10,3
1732.446,153.108,238.444,5.109,2630.0,414.0,7806.0,18024.1,10,4
1914.504,137.984,238.481,5.667,1020.0,5028.0,11659.0,14201.4,10,5
1926.728,125.204,238.765,5.701,969.0,3799.0,8463.0,18881.133,10,6
2061.252,150.05,239.101,6.079,2930.0,7494.0,7126.0,16804.2,10,7
1266.33,118.182,239.293,3.722,1061.0,339.0,7654.0,12051.5,10,1
1964.442,185.414,238.863,5.823,0.0,7871.0,9876.0,14993.7,10,2
1576.93,136.4,239.192,4.637,1065.0,453.0,8968.0,15796.167,10,3
1518.53,122.5,239.8,4.434,1162.0,317.0,9864.0,13965.833,10,4
2085.648,121.478,239.652,6.103,1299.0,3124.0,11648.0,18689.8,10,5
1660.246,139.544,241.825,4.815,2363.0,296.0,13225.0,11786.767,10,6
1941.94,154.028,241.491,5.702,3712.0,4357.0,7313.0,16983.667,10,7
1652.896,116.41,240.545,4.806,0.0,299.0,13027.0,14222.267,10,1
1954.648,127.484,241.232,5.712,1067.0,5186.0,10680.0,15644.467,10,2
1865.636,146.782,240.808,5.473,4459.0,364.0,9115.0,17155.933,10,3
1853.918,132.2,240.473,5.414,1478.0,2433.0,7385.0,19602.633,10,4
1437.568,109.676,240.681,4.366,0.0,348.0,5766.0,17845.467,10,5
1785.688,109.186,240.201,5.309,1374.0,4856.0,8949.0,14582.467,10,6
512.158,92.298,240.866,1.485,0.0,283.0,1765.0,6487.967,10,7
545.428,86.998,241.193,1.574,0.0,269.0,2749.0,6072.467,10,1
811.008,89.84,240.626,2.351,0.0,1935.0,4256.0,7325.8,10,2
1283.21,107.2,240.339,3.742,0.0,4700.0,8915.0,7771.833,10,3
496.216,85.046,240.938,1.436,0.0,293.0,1991.0,5986.267,11,4
1443.602,93.362,239.349,4.203,1346.0,2115.0,12245.0,8354.033,11,5
492.55,88.124,240.191,1.434,0.0,282.0,1936.0,5991.167,11,6
1485.686,138.802,240.206,4.384,0.0,4387.0,7068.0,13306.433,11,7
1500.592,131.35,239.659,4.396,1265.0,397.0,6583.0,16764.867,11,1
2082.378,200.526,238.702,6.15,1105.0,5515.0,10690.0,17396.3,11,2
1844.758,193.52,239.565,5.481,5042.0,301.0,6374.0,19028.967,11,3
1501.06,134.698,240.753,4.435,1715.0,314.0,6500.0,16488.667,11,4
2171.226,113.242,238.715,6.367,0.0,4573.0,15375.0,16239.1,11,5
2611.6,237.652,239.11,7.707,3697.0,304.0,13767.0,25758.667,11,6
1887.124,185.61,240.26,5.541,3445.0,320.0,6024.0,21663.067,11,7
2156.146,137.468,239.826,6.272,1018.0,4165.0,13281.0,17471.767,11,1
2214.398,140.952,241.123,6.453,978.0,4933.0,11076.0,19919.633,11,2
2047.994,141.59,239.946,5.941,1055.0,295.0,16345.0,16438.233,11,3
1491.988,133.066,239.985,4.396,1606.0,571.0,7503.0,15186.467,11,4
2309.754,123.978,240.984,6.718,1991.0,4660.0,13564.0,18280.9,11,5
2610.094,168.03,240.603,7.599,2588.0,2199.0,14990.0,23724.567,11,6
2183.858,161.762,242.26,6.348,5201.0,2097.0,7066.0,22033.633,11,7
1723.654,112.03,242.766,5.006,1089.0,253.0,10750.0,16635.567,11,1
2095.856,124.832,241.339,6.09,1015.0,3954.0,11026.0,18935.933,11,2
1751.836,131.48,241.497,5.115,1139.0,549.0,9455.0,18054.267,11,3
1932.378,143.108,241.565,5.656,2867.0,297.0,9001.0,20041.3,11,4
2522.618,138.912,240.722,7.341,2168.0,6181.0,13685.0,20009.633,11,5
1899.054,150.512,241.803,5.513,1573.0,4131.0,13451.0,12495.9,11,6
1395.598,122.776,242.661,4.087,3556.0,279.0,5678.0,13746.967,11,7
1569.716,117.05,241.116,4.601,1088.0,288.0,8926.0,15859.933,11,1
2801.012,139.994,241.321,8.156,1063.0,11020.0,15111.0,19489.533,11,2
1644.94,115.442,242.895,4.776,1182.0,769.0,7810.0,17654.667,11,3
1719.23,118.71,242.731,5.018,2031.0,283.0,8818.0,17521.833,11,4
2331.728,147.28,243.488,6.757,0.0,7941.0,13601.0,17320.133,11,5
3134.942,288.892,240.266,9.192,9356.0,353.0,17847.0,24693.033,12,6
2946.188,325.082,240.73,8.619,2090.0,6915.0,10636.0,29462.133,12,7
1762.06,131.914,241.08,5.166,1141.0,299.0,10428.0,17499.667,12,1
2067.636,145.016,241.536,6.045,1012.0,5828.0,8561.0,19059.6,12,2
2153.12,178.398,241.228,6.348,3422.0,295.0,10919.0,21249.333,12,3
2487.934,161.936,239.71,7.338,4751.0,318.0,11908.0,24488.567,12,4
1769.016,147.64,240.671,5.158,459.0,3710.0,10263.0,15051.6,12,5
2213.404,154.34,239.56,6.508,1133.0,2354.0,12283.0,21120.067,12,6
2274.584,200.936,239.915,6.702,4176.0,2428.0,8728.0,22577.733,12,7
1758.754,125.012,241.904,5.175,1102.0,278.0,8281.0,19651.567,12,1
2305.104,133.698,241.46,6.712,1050.0,3817.0,12740.0,20811.4,12,2
1588.062,116.886,242.476,4.591,1152.0,254.0,7759.0,17302.7,12,3
1847.746,111.49,241.827,5.42,1103.0,1448.0,8911.0,19333.767,12,4
1974.808,179.55,241.986,5.758,980.0,3849.0,12941.0,15143.467,12,5
2736.876,157.626,241.281,7.98,1706.0,3687.0,14313.0,25908.6,12,6
2762.218,126.938,242.685,7.992,3410.0,2281.0,12929.0,27416.967,12,7
1797.066,105.098,242.626,5.189,1636.0,243.0,10567.0,17505.1,12,1
2623.194,144.08,242.94,7.602,1123.0,5810.0,11093.0,25693.9,12,2
2196.052,109.336,242.701,6.334,1233.0,2658.0,11679.0,21030.867,12,3
1949.758,119.434,243.168,5.613,1859.0,276.0,13592.0,16768.967,12,4
1982.576,106.47,242.882,5.714,1191.0,200.0,12251.0,19400.933,12,5
2611.264,141.314,242.146,7.593,3819.0,4550.0,12673.0,22479.067,12,6
2409.048,176.272,242.558,6.983,1971.0,3091.0,11962.0,23126.8,12,7
2257.848,149.754,242.65,6.55,2985.0,2316.0,14350.0,17979.8,12,1
2694.968,151.812,242.981,7.791,4588.0,3368.0,9084.0,27876.133,12,2
2580.28,140.314,242.392,7.426,1109.0,2773.0,9480.0,29642.667,12,3
2532.198,190.582,242.112,7.396,4122.0,1490.0,7960.0,28631.3,12,4
3113.052,206.8,242.284,9.031,1980.0,8554.0,15823.0,25527.2,12,5
3298.956,199.892,240.551,9.56,4836.0,2434.0,14906.0,32806.6,12,6
2558.916,178.436,242.099,7.466,3595.0,3597.0,13485.0,21971.6,12,7
2216.542,145.536,241.095,6.455,0.0,3457.0,14071.0,19414.367,12,1
2759.738,142.508,241.037,7.979,2461.0,2739.0,12355.0,28440.633,1,2
1644.106,111.666,242.417,4.77,0.0,3094.0,8987.0,15320.767,1,3
1510.108,121.182,243.077,4.402,1130.0,846.0,6671.0,16521.467,1,4
2291.852,136.706,241.273,6.715,1241.0,5326.0,11752.0,19878.533,1,5
2183.248,129.464,238.823,6.447,2113.0,286.0,14591.0,19397.467,1,6
1825.184,116.958,239.407,5.39,1966.0,2445.0,7824.0,18184.733,1,7
1695.814,116.172,240.744,4.915,1288.0,282.0,10294.0,16399.567,1,1
2043.55,127.452,240.822,5.99,2197.0,3511.0,9793.0,18558.167,1,2
1788.44,125.336,241.259,5.232,1162.0,284.0,8963.0,19398.333,1,3
1894.076,120.504,240.807,5.595,1307.0,285.0,9992.0,19983.933,1,4
1705.818,95.484,240.41,4.963,1261.0,290.0,7997.0,18882.3,1,5
2871.408,162.724,239.96,8.524,5594.0,2621.0,11116.0,28525.8,1,6
2881.656,144.278,239.751,8.449,6505.0,340.0,9362.0,31820.6,1,7
2024.932,120.11,240.299,6.015,5918.0,339.0,9738.0,17753.867,1,1
2686.912,113.144,240.709,7.891,782.0,6883.0,14512.0,22604.867,1,2
2135.852,128.93,240.422,6.32,1162.0,3430.0,9391.0,21614.533,1,3
1572.282,116.718,241.628,4.645,1007.0,350.0,8657.0,16190.7,1,4
2186.988,119.29,239.933,6.432,1034.0,846.0,14983.0,19586.8,1,5
1980.306,134.982,239.606,5.829,2521.0,6054.0,8015.0,16415.1,1,6
1740.368,138.614,239.945,5.149,1775.0,380.0,4940.0,21911.133,1,7
1858.998,122.4,239.565,5.519,0.0,376.0,10447.0,20160.3,1,1
2325.018,143.462,240.095,6.929,4670.0,7640.0,7552.0,18888.3,1,2
1882.308,107.984,240.907,5.52,1116.0,387.0,13359.0,16509.8,1,3
1645.022,104.306,240.779,4.888,1107.0,320.0,5935.0,20055.033,1,4
2239.856,119.626,240.705,6.544,0.0,2421.0,11409.0,23500.933,1,5
2834.988,168.422,239.76,8.367,4925.0,311.0,15606.0,26407.8,1,6
2381.766,140.758,241.304,6.985,3725.0,3818.0,7367.0,24786.1,1,7
2308.196,107.836,240.467,6.77,1142.0,280.0,12792.0,24255.933,1,1
2676.024,117.176,240.623,7.842,1487.0,6199.0,11077.0,25837.4,1,2
1640.646,116.47,241.615,4.826,0.0,261.0,7261.0,19822.1,1,3
1953.922,137.576,241.886,5.793,1165.0,267.0,9437.0,21696.367,1,4
1534.652,179.25,240.36,4.518,336.0,280.0,7241.0,17720.533,2,5
2936.034,230.968,240.291,8.649,6247.0,2764.0,15188.0,24734.9,2,6
2084.568,153.708,240.341,6.136,2319.0,4435.0,8452.0,19536.8,2,7
1628.138,104.034,240.255,4.777,1161.0,252.0,9531.0,16191.633,2,1
2472.456,152.786,240.977,7.211,1098.0,7803.0,13717.0,18589.6,2,2
1669.54,114.26,238.414,4.934,2114.0,356.0,8428.0,16927.667,2,3
1518.31,108.706,241.071,4.439,0.0,295.0,8089.0,16921.167,2,4
1950.564,119.094,240.433,5.747,940.0,1921.0,9563.0,20085.4,2,5
2102.276,144.528,241.765,6.09,2050.0,2838.0,10293.0,19856.933,2,6
2184.714,151.736,241.275,6.397,2562.0,2955.0,10128.0,20766.9,2,7
1692.016,102.246,241.692,4.932,1018.0,297.0,8930.0,17955.267,2,1
1987.798,130.946,239.509,5.847,2009.0,1856.0,12138.0,17126.967,2,2
1900.498,128.478,241.203,5.58,2530.0,3615.0,7568.0,17961.967,2,3
1604.622,113.646,240.765,4.684,1300.0,291.0,9299.0,15853.7,2,4
2005.208,107.952,241.891,5.781,1109.0,1723.0,13417.0,17171.133,2,5
2346.948,138.994,241.088,6.894,1076.0,2360.0,11599.0,24080.8,2,6
1933.368,120.076,242.47,5.654,3182.0,2257.0,6049.0,20734.8,2,7
1514.404,101.972,242.064,4.376,0.0,251.0,10345.0,14644.067,2,1
2126.916,137.568,241.01,6.22,1881.0,4711.0,11200.0,17656.6,2,2
2253.79,190.268,241.67,6.608,3655.0,5516.0,7704.0,20688.167,2,3
1633.85,112.274,240.75,4.788,0.0,307.0,8523.0,18400.833,2,4
1732.564,121.688,241.436,5.055,1167.0,1985.0,10101.0,15623.067,2,5
1833.97,132.504,239.673,5.412,1684.0,2250.0,10040.0,16592.167,2,6
1263.008,107.332,240.378,3.639,754.0,332.0,11447.0,8517.133,2,7
504.488,91.72,239.776,1.456,0.0,321.0,1856.0,6231.133,2,1
507.12,84.59,239.533,1.459,0.0,295.0,2013.0,6144.0,2,2
566.72,86.168,239.554,1.634,0.0,326.0,2969.0,6150.333,2,3
509.184,83.248,239.804,1.467,0.0,281.0,2028.0,6177.4,2,4
1333.348,88.948,238.038,3.873,0.0,3773.0,8062.0,10387.467,2,5
1141.876,105.158,239.432,3.278,0.0,1287.0,2724.0,15020.267,3,6
1162.226,144.71,239.746,3.425,0.0,5244.0,2565.0,11561.433,3,7
1040.55,114.334,240.352,2.978,0.0,2207.0,1755.0,13380.5,3,1
1668.99,108.958,241.026,4.868,1249.0,2443.0,9415.0,14709.5,3,2
2037.208,140.898,241.065,5.971,1145.0,9797.0,5529.0,17482.467,3,3
2503.208,106.184,240.429,7.215,1082.0,372.0,6965.0,33301.133,3,4
1862.956,129.392,240.816,5.442,1235.0,3471.0,9033.0,17310.267,3,5
2248.66,237.08,241.591,6.588,6286.0,346.0,8435.0,22410.667,3,6
1560.458,135.574,240.746,4.591,2607.0,333.0,4155.0,18912.633,3,7
1618.686,127.124,241.727,4.712,2009.0,368.0,8660.0,15941.1,3,1
2200.042,151.1,240.424,6.467,1271.0,3901.0,12936.0,18559.367,3,2
1774.232,138.194,241.057,5.172,1120.0,2374.0,11042.0,15034.533,3,3
1675.514,128.474,240.803,4.942,3263.0,3590.0,5464.0,15608.233,3,4
2210.22,159.748,240.627,6.446,980.0,3881.0,14476.0,17500.0,3,5
1576.3,154.412,240.198,4.651,2550.0,502.0,5910.0,17309.667,3,6
1801.96,173.652,241.295,5.298,2394.0,566.0,11286.0,15786.667,3,7
1706.918,175.274,240.805,5.007,236.0,6651.0,9346.0,12215.633,3,1
1917.566,147.44,241.929,5.572,1156.0,4019.0,12544.0,14240.433,3,2
1308.448,142.498,242.402,3.826,2110.0,411.0,6154.0,13132.467,3,3
1253.274,120.854,241.763,3.66,1107.0,478.0,6670.0,12632.9,3,4
2066.442,223.824,241.37,6.038,2171.0,4778.0,13275.0,14216.7,3,5
2053.516,185.68,241.612,6.02,3322.0,588.0,12405.0,17910.267,3,6
2325.99,152.446,242.653,6.791,6279.0,2112.0,13878.0,16497.5,3,7
1974.668,131.05,242.707,5.758,1131.0,5988.0,7008.0,18784.133,3,1
2015.856,127.832,242.138,5.871,2246.0,3677.0,13494.0,14180.6,3,2
1633.472,133.598,242.81,4.763,2547.0,3831.0,7547.0,13299.533,3,3
1370.822,116.44,242.096,3.961,0.0,356.0,9022.0,13469.033,3,4
1885.424,137.64,242.323,5.479,2325.0,3605.0,11581.0,13912.733,3,5
2471.15,175.068,241.254,7.209,5153.0,375.0,17240.0,18417.833,3,6
2146.392,175.97,241.164,6.278,5045.0,1315.0,9769.0,19644.2,3,7
1377.57,130.86,242.727,4.006,1091.0,411.0,9387.0,12070.5,3,1
2129.052,170.396,241.616,6.203,1079.0,6657.0,14515.0,13233.2,4,2
1691.672,142.54,238.667,5.008,1106.0,3674.0,7989.0,15425.533,4,3
1128.756,121.236,240.694,3.281,0.0,422.0,6901.0,11489.6,4,4
1631.918,125.306,241.331,4.726,2133.0,775.0,13246.0,11044.633,4,5
1970.762,203.684,240.558,5.785,2929.0,874.0,13644.0,15399.033,4,6
1696.318,150.572,241.15,4.946,1124.0,2615.0,7552.0,16980.967,4,7
1538.838,141.28,243.228,4.484,2420.0,672.0,9466.0,13089.3,4,1
2657.516,184.176,242.067,7.699,2752.0,10713.0,17519.0,13307.933,4,2
1218.852,132.864,242.318,3.523,0.0,376.0,9003.0,10935.2,4,3
1477.746,163.68,241.949,4.305,3261.0,457.0,6527.0,14384.1,4,4
1877.664,143.89,240.758,5.453,1802.0,491.0,14522.0,14479.4,4,5
2800.014,392.272,241.063,8.218,7076.0,2499.0,15225.0,21866.9,4,6
2232.986,213.514,240.423,6.552,2554.0,5942.0,13007.0,15713.433,4,7
1589.582,154.958,242.314,4.604,0.0,425.0,11197.0,14871.033,4,1
1670.406,178.782,241.239,4.91,1174.0,3998.0,9874.0,12794.1,4,2
1489.064,125.904,241.744,4.316,838.0,403.0,11322.0,12254.733,4,3
1395.862,145.878,241.404,4.104,1719.0,417.0,8638.0,12490.367,4,4
1862.39,184.646,240.642,5.458,2174.0,3832.0,10921.0,14112.833,4,5
2253.71,245.284,241.143,6.636,4319.0,2457.0,14722.0,16063.833,4,6
1791.418,227.854,241.433,5.261,1030.0,4544.0,10401.0,13881.967,4,7
1164.156,175.4,241.992,3.404,0.0,2673.0,6788.0,9941.6,4,1
1627.676,193.15,240.96,4.772,971.0,5093.0,10603.0,10460.933,4,2
1357.328,189.502,241.511,3.968,1380.0,492.0,8406.0,12344.133,4,3
1043.772,171.924,240.605,3.058,1263.0,522.0,5296.0,10315.2,4,4
1267.734,162.224,241.007,3.7,824.0,2004.0,9400.0,8900.9,4,5
903.166,168.696,240.793,2.634,0.0,634.0,3586.0,10832.767,4,6
1008.24,198.118,240.907,2.964,693.0,588.0,5488.0,10035.0,4,7
659.052,167.118,240.978,1.951,0.0,621.0,2786.0,7577.2,4,1
1972.616,215.356,240.707,5.771,1402.0,5411.0,10481.0,15582.933,4,2
1101.726,171.556,241.434,3.219,1057.0,590.0,6653.0,10062.1,4,3
576.014,150.696,241.446,1.702,0.0,530.0,2586.0,6484.233,5,4
1497.768,205.568,241.649,4.378,3114.0,584.0,8687.0,12577.8,5,5
1289.6,202.004,240.834,3.801,996.0,541.0,6535.0,13421.333,5,6
1470.97,209.422,241.38,4.362,2196.0,2872.0,5464.0,13984.167,5,7
1366.932,185.75,240.737,3.998,1008.0,378.0,10197.0,11199.2,5,1
1789.98,199.596,240.29,5.246,1354.0,5410.0,12200.0,10869.0,5,2
1176.264,190.956,241.081,3.458,1030.0,423.0,6649.0,11502.4,5,3
2116.698,253.244,239.851,6.178,3667.0,702.0,12717.0,18192.3,5,4
1747.272,229.874,240.471,5.136,2229.0,423.0,11904.0,14565.2,5,5
1909.128,289.814,240.086,5.636,6950.0,612.0,11714.0,12542.8,5,6
1610.92,275.702,240.486,4.804,563.0,1340.0,6930.0,18015.667,5,7
1524.204,229.14,241.042,4.519,2082.0,1085.0,11959.0,10277.4,5,1
1476.894,236.468,240.374,4.392,823.0,4089.0,8370.0,11332.9,5,2
1584.262,277.374,240.709,4.713,2467.0,3436.0,9716.0,10785.367,5,3
1162.768,237.724,240.35,3.522,868.0,570.0,6820.0,11121.467,5,4
1648.03,235.202,239.62,4.922,2228.0,2565.0,8955.0,13719.167,5,5
1657.454,275.896,239.473,4.952,2158.0,935.0,12472.0,12059.233,5,6
1803.958,254.492,239.683,5.409,1775.0,5355.0,8626.0,14309.967,5,7
1030.262,175.736,240.432,3.069,1014.0,558.0,7503.0,8096.033,5,1
1581.334,184.082,241.02,4.682,1352.0,2431.0,11977.0,10595.567,5,2
1324.112,190.326,240.761,3.917,1989.0,474.0,9251.0,10354.533,5,3
976.868,169.816,239.5,2.956,996.0,440.0,6475.0,8370.133,5,4
1484.916,178.958,239.499,4.359,0.0,1390.0,14734.0,8624.6,5,5
1580.176,285.55,240.725,4.669,1027.0,569.0,12833.0,11907.267,5,6
2048.504,290.416,239.946,6.137,4307.0,8811.0,6016.0,15007.733,5,7
1289.71,220.698,240.364,3.93,985.0,666.0,9284.0,10560.167,5,1
1708.7,207.466,239.391,5.107,0.0,5352.0,11478.0,11648.333,5,2
1114.372,235.644,241.323,3.351,3138.0,512.0,6709.0,8213.867,5,3
1135.076,186.832,237.675,3.476,1004.0,507.0,8703.0,8703.933,5,4
1397.244,182.218,240.554,4.203,0.0,3019.0,11298.0,8970.4,5,5
1641.47,249.924,240.654,4.923,1764.0,2328.0,11858.0,11407.833,5,6
1848.876,225.34,240.623,5.423,1906.0,545.0,11307.0,17056.6,6,7
1074.012,165.158,236.37,3.218,960.0,558.0,6341.0,10041.2,6,1
1597.816,173.938,234.152,4.844,2897.0,2608.0,9265.0,11860.267,6,2
1588.912,152.404,234.706,4.828,1550.0,7682.0,6508.0,10741.867,6,3
1120.078,153.106,235.164,3.398,1747.0,506.0,8781.0,7633.967,6,4
1217.714,174.52,239.717,3.672,1009.0,506.0,7871.0,10909.233,6,5
1882.484,186.414,238.984,5.532,2379.0,2611.0,14593.0,11791.733,6,6
1542.322,188.384,239.965,4.596,2536.0,3161.0,9732.0,10276.367,6,7
1325.698,183.64,239.435,4.04,1967.0,2085.0,7921.0,10121.967,6,1
1067.09,216.018,239.978,3.205,907.0,585.0,8992.0,7300.833,6,2
1123.206,214.372,240.154,3.388,977.0,842.0,7566.0,9335.1,6,3
1259.332,189.292,239.69,3.799,1951.0,567.0,7246.0,11224.867,6,4
1874.28,281.816,238.888,5.606,2809.0,7358.0,10531.0,10540.0,6,5
1384.92,344.28,240.014,4.208,1862.0,1011.0,10681.0,9528.0,6,6
2289.102,281.006,239.454,6.774,6471.0,6802.0,11589.0,13289.7,6,7
1303.044,204.382,240.433,3.905,1980.0,464.0,10012.0,9261.4,6,1
1145.084,175.464,240.354,3.435,1080.0,432.0,10094.0,7478.733,6,2
1893.608,272.724,239.74,5.711,7549.0,3040.0,12687.0,8284.133,6,3
1588.082,189.418,239.273,4.738,3411.0,1514.0,10911.0,10632.033,6,4
1676.104,227.42,239.939,5.008,2948.0,2935.0,12417.0,9635.067,6,5
1734.254,239.028,239.463,5.134,940.0,5823.0,12828.0,9313.233,6,6
1566.416,294.144,239.044,4.674,4705.0,1175.0,10652.0,9574.933,6,7
1251.796,210.956,238.938,3.792,2600.0,581.0,10124.0,7558.267,6,1
1754.452,253.022,237.915,5.262,2779.0,3489.0,14271.0,8701.867,6,2
1261.77,290.626,238.895,3.911,2773.0,569.0,9402.0,8285.5,6,3
1056.02,217.414,239.351,3.211,921.0,572.0,8971.0,7136.333,6,4
1755.152,262.008,238.935,5.237,4159.0,2372.0,10163.0,12558.533,6,5
1208.8,210.954,239.142,3.686,0.0,2000.0,7932.0,10214.667,6,6
749.352,183.664,240.161,2.331,955.0,535.0,3896.0,7103.2,6,7
804.196,189.526,240.376,2.479,0.0,521.0,6819.0,6063.267,6,1
1215.24,277.788,239.54,3.74,3465.0,587.0,8390.0,7812.0,7,2
1147.202,266.538,238.962,3.57,962.0,650.0,7002.0,10506.033,7,3
1098.36,213.748,239.635,3.343,958.0,2569.0,7410.0,7369.0,7,4
942.02,188.132,240.18,2.828,0.0,589.0,8302.0,6809.333,7,5
1469.088,224.78,239.565,4.387,1875.0,6754.0,8365.0,7490.8,7,6
1805.064,253.582,240.59,5.359,4258.0,5230.0,7536.0,13060.4,7,7
983.39,202.81,239.634,2.969,2171.0,592.0,7149.0,6477.833,7,1
1126.214,196.318,239.701,3.371,991.0,503.0,7592.0,9684.233,7,2
919.318,191.724,240.33,2.775,951.0,499.0,7352.0,6519.967,7,3
1251.276,240.242,239.868,3.743,982.0,552.0,8186.0,11134.6,7,4
1254.216,251.036,239.517,3.782,724.0,558.0,9251.0,10370.6,7,5
1328.852,266.124,240.059,4.05,4436.0,2617.0,7231.0,7863.533,7,6
1253.754,166.908,240.291,3.769,1671.0,3164.0,7056.0,9004.9,7,7
1137.926,209.668,240.494,3.432,2564.0,1995.0,6436.0,7970.433,7,1
1155.86,190.936,239.781,3.436,968.0,552.0,8585.0,9159.333,7,2
1077.062,206.462,240.593,3.237,1537.0,2799.0,4978.0,8637.033,7,3
1319.122,239.506,239.917,4.027,1122.0,723.0,8280.0,11860.367,7,4
1261.584,195.606,239.577,3.737,1143.0,552.0,9260.0,10071.4,7,5
1344.014,208.03,239.151,4.02,2941.0,3146.0,7676.0,8637.233,7,6
941.534,172.576,239.778,2.836,1943.0,1076.0,5457.0,7216.233,7,7
1156.478,172.45,239.102,3.482,1698.0,431.0,9189.0,7956.633,7,1
740.242,161.128,239.67,2.273,0.0,430.0,4886.0,7021.367,7,2
942.63,162.392,240.096,2.849,1233.0,454.0,6325.0,7698.5,7,3
1093.45,185.882,239.884,3.222,837.0,476.0,8344.0,8567.167,7,4
865.534,182.714,239.057,2.618,1168.0,492.0,6731.0,6034.567,7,5
815.684,213.318,240.029,2.494,0.0,948.0,6243.0,6403.733,7,6
1147.396,233.138,238.471,3.512,1063.0,858.0,8385.0,8817.267,7,7
825.804,198.514,239.994,2.574,0.0,509.0,5963.0,7291.4,7,1
1166.558,208.384,240.249,3.641,1571.0,530.0,5802.0,11539.633,7,2
1299.908,227.536,239.086,4.065,2548.0,773.0,6278.0,12066.133,7,3
1392.638,243.476,240.096,4.232,1533.0,2808.0,7588.0,11281.633,7,4
739.576,252.704,239.805,2.328,586.0,1150.0,5091.0,5499.267,8,5
505.776,178.294,239.129,1.588,0.0,504.0,3803.0,4122.6,8,6
504.782,166.052,237.054,1.577,0.0,499.0,3926.0,3988.033,8,7
1125.92,193.62,237.863,3.417,596.0,4677.0,4410.0,9082.333,8,1
827.118,180.248,238.736,2.506,635.0,509.0,7118.0,5523.3,8,2
326.112,214.504,240.566,1.09,0.0,513.0,2215.0,2707.2,8,3
334.884,214.94,239.312,1.121,0.0,526.0,2357.0,2698.4,8,4
302.2,196.448,239.457,1.006,0.0,481.0,1980.0,2575.667,8,5
358.924,199.99,240.71,1.16,0.0,489.0,1902.0,3591.067,8,6
352.032,189.106,240.265,1.122,0.0,464.0,1905.0,3498.2,8,7
371.916,187.62,240.718,1.171,0.0,489.0,1880.0,3829.6,8,1
288.984,187.042,240.048,0.953,0.0,462.0,1844.0,2510.4,8,2
282.584,183.836,240.872,0.932,0.0,451.0,1789.0,2469.733,8,3
270.258,177.966,241.141,0.885,0.0,441.0,1641.0,2422.3,8,4
273.654,178.178,241.158,0.896,0.0,439.0,1691.0,2430.9,8,5
274.814,181.678,242.095,0.899,0.0,442.0,1688.0,2450.233,8,6
274.796,179.516,241.183,0.898,0.0,445.0,1710.0,2424.933,8,7
273.758,178.098,241.356,0.894,0.0,440.0,1719.0,2403.633,8,1
274.692,180.622,240.895,0.903,0.0,442.0,1697.0,2439.2,8,2
268.472,178.064,241.544,0.883,0.0,437.0,1626.0,2411.533,8,3
261.298,168.972,240.296,0.85,0.0,432.0,1577.0,2345.967,8,4
267.124,174.654,240.882,0.872,0.0,438.0,1614.0,2400.067,8,5
254.642,169.422,242.143,0.831,0.0,419.0,1485.0,2340.033,8,6
254.716,163.91,241.613,0.826,0.0,404.0,1523.0,2318.267,8,7
250.298,163.87,241.474,0.808,0.0,422.0,1436.0,2313.633,8,1
257.564,166.566,241.12,0.837,0.0,420.0,1533.0,2339.733,8,2
258.114,165.872,240.576,0.833,0.0,399.0,1539.0,2363.9,8,3
268.246,174.098,240.543,0.875,0.0,432.0,1631.0,2407.767,8,4
267.588,171.186,240.335,0.875,0.0,430.0,1599.0,2430.8,8,5
270.424,177.552,240.514,0.886,0.0,435.0,1619.0,2453.067,8,6
1500.614,210.418,240.018,4.45,2056.0,3733.0,12117.0,7104.233,8,7
1247.51,184.486,239.916,3.732,950.0,521.0,10183.0,9137.833,9,1
1384.154,224.634,239.329,4.142,4273.0,1206.0,6648.0,10942.233,9,2
1388.486,179.288,240.029,4.119,1326.0,1902.0,10213.0,9700.433,9,3
1225.22,151.872,238.663,3.655,2225.0,404.0,9408.0,8383.333,9,4
873.96,147.236,239.591,2.606,379.0,431.0,6943.0,6813.0,9,5
1868.574,238.292,239.34,5.524,2948.0,6500.0,13400.0,8294.9,9,6
1372.656,176.444,240.589,4.081,3612.0,1707.0,5976.0,11582.6,9,7
1309.324,160.574,241.382,3.853,747.0,2293.0,9559.0,9223.067,9,1
1159.654,180.67,239.782,3.464,236.0,453.0,7728.0,10910.567,9,2
1300.764,166.43,239.481,3.858,1009.0,399.0,10281.0,9990.4,9,3
1028.714,192.038,239.1,3.08,1005.0,417.0,7644.0,8079.233,9,4
1392.762,178.298,239.968,4.145,1867.0,402.0,8738.0,12205.7,9,5
1631.436,186.192,240.125,4.82,930.0,5433.0,11807.0,9020.6,9,6
1576.326,193.746,239.889,4.735,4673.0,445.0,6538.0,14616.1,9,7
1697.708,136.118,240.256,5.072,960.0,364.0,10322.0,16649.133,9,1
1221.862,156.06,240.949,3.619,0.0,368.0,8249.0,11747.367,9,2
1519.21,177.168,240.657,4.49,1910.0,3727.0,9371.0,10312.167,9,3
1505.29,189.376,240.327,4.447,4202.0,357.0,7991.0,12538.167,9,4
1518.846,166.768,240.357,4.479,1569.0,351.0,12367.0,11027.1,9,5
1304.6,156.204,240.594,3.806,0.0,370.0,12477.0,8896.333,9,6
1533.07,206.262,240.94,4.56,4010.0,2381.0,8347.0,10813.167,9,7
1358.564,151.524,240.209,4.013,1014.0,2448.0,10227.0,8953.733,9,1
1232.788,165.128,240.183,3.684,0.0,2168.0,7920.0,10458.467,9,2
1718.35,173.472,240.126,5.032,2019.0,4730.0,10548.0,11342.167,9,3
1131.22,173.77,240.29,3.344,1012.0,751.0,8485.0,8605.667,9,4
1431.45,211.572,240.394,4.24,1221.0,370.0,10890.0,11376.5,9,5
2127.446,257.04,240.146,6.259,4347.0,2584.0,12688.0,15838.433,9,6
1731.104,163.968,240.278,5.08,1920.0,385.0,11242.0,15304.733,9,7
1501.738,199.432,240.264,4.409,1014.0,363.0,10677.0,12974.967,9,1
1375.006,155.092,240.584,4.025,998.0,360.0,7415.0,14143.767,9,2
1872.364,181.256,241.129,5.482,2249.0,5800.0,10808.0,12349.067,10,3
1345.342,153.676,240.328,3.949,0.0,367.0,9060.0,12995.367,10,4
1612.58,158.598,239.842,4.746,4801.0,349.0,9432.0,12294.333,10,5
2100.496,216.2,240.174,6.145,3462.0,629.0,12573.0,18344.267,10,6
1549.95,146.296,240.138,4.534,990.0,3257.0,6071.0,15514.5,10,7
1423.782,125.204,239.119,4.216,990.0,286.0,9562.0,12891.7,10,1
1726.568,187.234,238.853,5.166,1016.0,419.0,9476.0,17865.133,10,2
1860.576,152.41,240.049,5.431,1044.0,5126.0,11650.0,13189.6,10,3
1983.682,181.9,239.275,5.812,1032.0,3064.0,11652.0,17313.367,10,4
1518.338,148.044,239.635,4.437,0.0,389.0,12046.0,12870.633,10,5
1669.386,154.848,239.183,4.906,2144.0,2335.0,11373.0,11971.1,10,6
1907.94,161.806,240.152,5.615,2561.0,5822.0,7171.0,16245.0,10,7
1461.976,147.894,240.809,4.254,1037.0,535.0,9483.0,13311.267,10,1
1609.056,164.286,239.216,4.73,1177.0,442.0,9939.0,15259.6,10,2
2156.896,168.462,239.507,6.328,1998.0,7042.0,9984.0,16924.267,10,3
1583.68,136.84,239.263,4.661,951.0,429.0,8438.0,16576.667,10,4
1866.886,153.522,240.048,5.476,2036.0,3187.0,9639.0,16252.767,10,5
2239.19,162.628,239.835,6.547,799.0,1655.0,12146.0,22719.833,10,6
1971.934,181.596,240.043,5.805,698.0,8010.0,4600.0,19557.567,10,7
1667.554,137.812,240.432,4.86,844.0,2648.0,10475.0,13825.567,10,1
2063.716,152.344,239.731,6.081,857.0,2663.0,11331.0,19544.267,10,2
1646.01,149.344,240.816,4.837,662.0,2542.0,8487.0,15742.5,10,3
1830.494,161.208,240.399,5.375,815.0,1435.0,10587.0,17671.233,10,4
2133.226,168.014,240.414,6.267,7893.0,2277.0,10284.0,15099.767,10,5
1523.156,111.238,240.96,4.555,737.0,394.0,13433.0,10821.933,10,6
523.492,115.53,242.123,1.499,0.0,360.0,2013.0,6351.867,10,7
523.892,128.978,242.228,1.509,0.0,402.0,1967.0,6362.533,10,1
1327.29,145.076,241.327,3.853,2263.0,362.0,5090.0,14406.5,10,2
1612.576,133.282,241.79,4.604,1037.0,345.0,4015.0,21479.267,10,3
1098.6,123.028,242.083,3.273,0.0,345.0,2619.0,15346.0,10,4
1285.832,104.348,241.33,3.766,0.0,312.0,10483.0,10635.533,10,5
830.498,113.672,241.81,2.626,0.0,344.0,1939.0,11558.633,11,6
910.614,120.472,242.156,2.864,0.0,346.0,2824.0,12006.9,11,7
847.6,115.248,241.765,2.665,963.0,347.0,1892.0,10924.667,11,1
1562.316,121.476,240.802,4.652,0.0,6214.0,4106.0,15718.6,11,2
3134.93,257.82,239.481,9.239,7597.0,10409.0,8362.0,25880.833,11,3
1588.438,181.468,240.39,4.727,1033.0,430.0,6734.0,18276.967,11,4
1619.184,109.988,239.752,4.755,1032.0,389.0,10421.0,15144.4,11,5
1733.138,133.168,239.308,5.105,1114.0,3271.0,6069.0,18431.633,11,6
2578.538,210.946,238.454,7.621,6301.0,661.0,14348.0,21665.633,11,7
2091.88,155.49,239.652,6.178,1023.0,355.0,10285.0,23201.667,11,1
2455.95,128.08,239.879,7.183,2475.0,2288.0,14651.0,21518.5,11,2
2186.494,158.816,240.387,6.349,1066.0,2712.0,9430.0,23233.567,11,3
1238.46,125.424,241.598,3.627,0.0,338.0,6315.0,13988.0,11,4
1621.738,127.894,241.022,4.756,2092.0,325.0,9929.0,14682.967,11,5
3031.628,165.16,238.634,8.963,3952.0,3799.0,15635.0,27141.133,11,6
2365.432,163.13,240.494,6.919,4791.0,1829.0,8945.0,23858.867,11,7
1523.636,118.874,241.135,4.412,0.0,378.0,10590.0,14425.933,11,1
1749.05,139.282,239.902,5.142,1079.0,369.0,11204.0,16498.833,11,2
1840.238,166.452,240.54,5.413,1737.0,3026.0,8704.0,17203.633,11,3
1692.336,121.192,239.818,4.984,1034.0,347.0,7732.0,19092.6,11,4
1673.93,127.554,239.928,4.947,1039.0,348.0,10396.0,16115.833,11,5
1711.368,124.868,239.732,5.05,1093.0,882.0,8320.0,18227.8,11,6
3405.324,206.944,239.149,10.051,3631.0,8823.0,10272.0,34029.4,11,7
3212.998,121.618,240.359,9.285,1063.0,510.0,13378.0,38598.967,11,1
2702.85,150.564,240.931,7.824,3010.0,345.0,10471.0,31221.5,11,2
1515.954,119.996,242.401,4.356,909.0,304.0,10002.0,14050.9,11,3
2362.218,126.218,241.44,6.841,2491.0,330.0,12440.0,24109.3,11,4
1885.964,128.426,243.067,5.41,1113.0,295.0,11361.0,18663.733,11,5
2434.668,166.51,241.241,7.054,5268.0,2392.0,12386.0,20531.8,11,6
2401.388,170.904,242.375,6.956,1161.0,3481.0,11474.0,23907.133,11,7
1616.538,118.678,243.446,4.758,1085.0,309.0,9013.0,16535.3,12,1
1793.444,145.908,243.379,5.215,0.0,304.0,11343.0,18243.733,12,2
1755.164,124.722,243.384,5.07,1137.0,302.0,9664.0,18149.733,12,3
1738.638,113.99,243.463,5.024,1085.0,281.0,11314.0,16297.3,12,4
2058.618,120.026,242.976,5.968,831.0,310.0,9852.0,23317.3,12,5
2523.836,188.144,241.137,7.358,4005.0,5749.0,9048.0,23261.933,12,6
2466.74,180.224,242.239,7.157,3294.0,310.0,13627.0,23881.333,12,7
1868.636,120.782,243.732,5.383,1117.0,296.0,13256.0,16474.933,12,1
2003.144,132.516,243.556,5.758,1985.0,2553.0,12886.0,15961.733,12,2
2111.02,137.006,243.501,6.369,1128.0,4144.0,10889.0,19022.667,12,3
1432.522,114.916,243.418,4.122,1160.0,273.0,7979.0,14463.367,12,4
1815.534,139.342,243.043,5.222,1157.0,255.0,12154.0,16692.9,12,5
1825.574,163.278,241.539,5.322,2186.0,261.0,9271.0,18708.233,12,6
2002.12,164.014,241.623,5.882,3742.0,2497.0,5415.0,21714.667,12,7
1795.45,113.744,243.039,5.191,1178.0,252.0,9668.0,18826.167,12,1
1797.09,114.598,243.88,5.193,0.0,253.0,11334.0,18364.5,12,2
2098.786,136.216,243.314,6.08,4251.0,284.0,10813.0,19631.767,12,3
1736.94,118.07,242.859,4.989,1125.0,258.0,11293.0,16273.0,12,4
1882.112,132.154,241.866,5.48,1538.0,296.0,11773.0,17761.533,12,5
2242.502,160.69,242.566,6.5,1132.0,6479.0,12819.0,16945.033,12,6
2643.61,135.072,241.72,7.663,1099.0,9189.0,14816.0,18956.167,12,7
2015.808,124.87,241.864,5.857,2157.0,391.0,10433.0,20615.8,12,1
1798.088,151.08,241.771,5.251,2666.0,2115.0,8326.0,16861.133,12,2
1269.638,115.318,243.961,3.634,0.0,364.0,9981.0,10815.633,12,3
1061.118,116.882,243.233,3.039,0.0,285.0,3598.0,13802.3,12,4
1223.732,124.222,244.354,3.501,1121.0,279.0,7796.0,11199.533,12,5
2972.164,118.132,243.312,8.432,0.0,244.0,12209.0,37083.067,12,6
1570.642,112.248,244.56,4.42,1953.0,217.0,5291.0,18716.367,12,7
555.278,91.638,244.955,1.579,0.0,218.0,2480.0,6556.633,12,1
1195.238,113.206,244.638,3.402,0.0,245.0,7145.0,12530.633,12,2
1964.188,129.272,243.297,5.688,2975.0,246.0,11860.0,17655.467,12,3
